{
  "WHM_BHS_Say": "",
  "WHM_Anime_Raise_Say1": "",
  "WHM_Anime_Raise_Say2": "以水为引，润汝之魂！正在复活<t>。<se.7>",
  "SCH_Anime_Raise_Say1": "上善若水，烟水还魂！已复活<t>。<se.7>",
  "SCH_Anime_Raise_Say2": "以水为引，润汝之魂！正在复活<t>。<se.7>",
  "AST_Anime_Raise_Say1": "群星闪耀，唤汝新生！已对<t>使用生辰。<se.7>",
  "AST_Anime_Raise_Say2": "星辰排列中……正在对<t>使用生辰。<se.7>",
  "SGE_Anime_Raise_Say1": "",
  "SGE_Anime_Raise_Say2": ""
}