{
  "Author": "Team Wrath，动画，Arzhaana，以及万能的群友。",
  "Name": "Wrath Combo",
  "InternalName": "WrathCombo",
  "AssemblyVersion": "1.0.0.13",
  "Description": "将连招和互斥的技能整合到一个按键上 —— 而且还不止于此。",
  "ApplicableVersion": "any",
  "RepoUrl": "https://github.com/PunishXIV/WrathCombo",
  "Tags": [
    "combo",
    "wrath",
    "wrathcombo",
    "auto",
    "autorotation",
    "rotation",
    "pve",
    "pvp"
  ],
  "DalamudApiLevel": 11,
  "LoadRequiredState": 0,
  "LoadSync": false,
  "CanUnloadAsync": false,
  "LoadPriority": 0,
  "IconUrl": "https://s3.puni.sh/media/plugin/60/icon-2bwhkn3zf1f.png",
  "Punchline": "将连招和互斥的技能整合到一个按键上 —— 而且还不止于此。",
  "Changelog": "Please check the project's GitHub or Discord for a full changelog.",
  "AcceptsFeedback": true
}