{
  "Author": "Team Wrath，动画，Arzhaana",
  "Name": "Wrath Combo",
  "InternalName": "WrathCombo",
  "DalamudApiLevel": 11,
  "Punchline": "将连招和互斥的技能整合到一个按键上 —— 而且还不止于此。",
  "Description": "将连招和互斥的技能整合到一个按键上 —— 而且还不止于此。",
  "RepoUrl": "https://github.com/PunishXIV/WrathCombo",
  "IconUrl": "https://s3.puni.sh/media/plugin/60/icon-2bwhkn3zf1f.png",
  "Changelog": "Please check the project's GitHub or Discord for a full changelog.",
  "Tags": [
    "combo",
    "wrath",
    "wrathcombo",
    "auto",
    "autorotation",
    "rotation",
    "pve",
    "pvp"
  ]
}
