{
  "Author": "KirisameVanilla,Anime",
  "Name": "Fake Name",
  "InternalName": "FakeName",
  "AssemblyVersion": "2.0.0.1",
  "Description": "起个假名吧！",
  "ApplicableVersion": "any",
  "RepoUrl": "https://github.com/KirisameVanilla/FakeName",
  "Tags": [
    "name",
    "ui"
  ],
  "CategoryTags": [
    "ui"
  ],
  "DalamudApiLevel": 12,
  "LoadRequiredState": 0,
  "LoadSync": false,
  "CanUnloadAsync": false,
  "LoadPriority": 0,
  "IconUrl": "https://raw.githubusercontent.com/KirisameVanilla/FakeName/main/icon.png",
  "Punchline": "起个假名吧！",
  "AcceptsFeedback": true
}